{
	"criteria": [
		{
			"id": "n71bhvbcz",
			"points": 0.5,
			"from": "seriove"
		},
		{
			"id": "04p36y9k2",
			"points": 1,
			"from": "odpor žiarovky"
		},
		{
			"id": "smsam6nbe",
			"points": 2,
			"from": "správne vysvetlenie postupu"
		},
		{
			"id": "b62z1e868",
			"points": 1,
			"from": "paralelne ziarovka seriovo s odporom"
		},
		{
			"id": "ed4j2ou8i",
			"points": 1,
			"from": "Skúšanie aj iných zapojení"
		},
		{
			"id": "tuqg1j4ul",
			"points": -0.5,
			"from": "boha chlapec"
		}
	],
	"scores": {
		"29214": {
			"acceptedCriteria": [
				"n71bhvbcz"
			],
			"final": true,
			"points": 0.5,
			"comments": [
				"0.5B",
				"Ahoj Alex, máš pravdu, že práve sériové zapojenie je jedno z najlepších, ale to úplne najlepšie je trochu iné. Určite sa neboj viac opísať, ako si uvažoval, pretože práve v pikofyze môžeš za to získať nejaké body.\nurčite si Nezabudni pozrieť vzorák a uži si prichádzajúce prázdniny :D"
			]
		},
		"29280": {
			"acceptedCriteria": [
				"n71bhvbcz",
				"04p36y9k2",
				"smsam6nbe",
				"ed4j2ou8i"
			],
			"final": true,
			"points": 4.5,
			"comments": [
				"4.5B",
				"Ahoj Vinianne, veľmi sa mi páči tvoje riešenie, som rád, že si skúšala rôzne zapojenia a aj si svoju teóriu potvrdila. Asi mi neuveríš, keď poviem, že existuje ešte lepšie zapojenie -  paralelné. Určite si nezabudni pozrieť vzorák a prajem krásne prichádzajúce prázdniny :D"
			]
		},
		"29316": {
			"acceptedCriteria": [
				"n71bhvbcz",
				"04p36y9k2",
				"smsam6nbe",
				"ed4j2ou8i"
			],
			"final": true,
			"points": 4.5,
			"comments": [
				"Ahoj Jakub, veľmi sa mi páči, ako si zdôvodnil tvoj postup. Správne si vypočítal odpor žiarovky a správne si argumentoval tvoje riešenie. \nMožno mi neuveríš, ale existuje ešte lepšie riešenie! \nUrčite si nezabudni pozrieť vzorák a prajem príjemné  prichádzajúce prázdniny :D",
				"4.5B"
			]
		},
		"29320": {
			"acceptedCriteria": [
				"n71bhvbcz",
				"04p36y9k2",
				"smsam6nbe"
			],
			"final": true,
			"points": 3.5,
			"comments": [
				"3.5B",
				"",
				"Ahoj Viki, správne si zistila, že jedno z najlepších zapojení je sériové. Existuje práve jedno ešte krajšie. \nZdôvodnenie tvojho riešenia je správne, ale na to, aby si sa dostala k správnemu riešeniu by ti pomohlo, kebyže berieš žiarovku ako vlastný odpor. Určite sa neboj pozrieť na vzorák a prajem krásne prázdniny :D "
			]
		},
		"29497": {
			"acceptedCriteria": [
				"04p36y9k2",
				"smsam6nbe",
				"b62z1e868",
				"ed4j2ou8i"
			],
			"final": true,
			"points": 5,
			"comments": [
				"5B",
				"Ahoj Timo, super riešenie! Správne si urobil každý krok a pekne si aj potvrdil tvoj výsledok, len tak ďalej! Prajem príjemné  prichádzajúce prázdniny."
			]
		},
		"29526": {
			"acceptedCriteria": [
				"04p36y9k2",
				"smsam6nbe",
				"b62z1e868",
				"ed4j2ou8i"
			],
			"final": true,
			"points": 5,
			"comments": [
				"5B",
				"Ahoj Lukáš, chválim za profesionálne riešenie. Správne si potrvdil svoje výsledky a páči sa mi, že si si riešenie overil aj na simulátore. Prajem veľa úspechov a príjemné prázdniny :D"
			]
		},
		"29553": {
			"acceptedCriteria": [
				"04p36y9k2",
				"smsam6nbe",
				"b62z1e868",
				"ed4j2ou8i"
			],
			"final": true,
			"points": 5,
			"comments": [
				"5B",
				"Ahoj Lucka, výborné riešenie! Páči sa mi, ako si skúšala rôzne riešenia a svoje aj správne zdôvodnila. Nemám čo dodať, prajem veľa šťastia a príjemné prázdniny :D"
			]
		},
		"29580": {
			"acceptedCriteria": [
				"n71bhvbcz",
				"smsam6nbe",
				"ed4j2ou8i"
			],
			"final": true,
			"points": 3.5,
			"comments": [
				"Ahoj Sandra, super odôvodnené riešenie. Došla si k veľmi podobnému riešeniu, ale nie je správne. Veľkú zmenu ti aj urobil odpor, pri ktorého počítaní si urobila chybu vo vzťahu pre prúd. Namiesto I = P/U si dala I = U/P. Tým pádom by si si všimla, že tvoje zapojenie nie je najideálnejšie. Tvoje uvažovanie je ale super. Určite ti radím si pozrieť vzorák, naozaj ti vysvetlí, prečo nemôže byť odpor takto v paralelnom zapojení. Prajem príjemné prichádzajúce prázdniny :D",
				"3.5B"
			]
		},
		"29591": {
			"acceptedCriteria": [
				"04p36y9k2",
				"smsam6nbe"
			],
			"final": true,
			"points": 3,
			"comments": [
				"3B",
				"Ahoj Hanka, správne si našla jedno z najlepších riešení, ale to najlepšie za skrýva za paralelným zapojením. super si vypočítala odpor. \nBolo by super-duper, kebyže sa bližšie pozrieš na viac typov zapojení, možno aj to je cesta k správnemu riešeniu. \nUrčite si nezabudni pozrieť vzorák a prajem príjemné prázdniny :D"
			]
		},
		"29648": {
			"acceptedCriteria": [
				"04p36y9k2",
				"smsam6nbe",
				"tuqg1j4ul"
			],
			"final": true,
			"points": 2.5,
			"comments": [
				"2.5B",
				"Ahoj Aneta, super odôvodnené riešenie. Došla si k veľmi podobnému riešeniu, ale nie je správne. Veľkú zmenu ti aj urobil odpor, pri ktorého počítaní si urobila chybu vo vzťahu pre prúd. Namiesto I = P/U si dala I = U/P. Tým pádom by si si všimla, že tvoje zapojenie nie je najideálnejšie. Tvoje uvažovanie je ale super. Určite ti radím si pozrieť vzorák, naozaj ti vysvetlí, prečo nemôže byť odpor takto v paralelnom zapojení. Prajem príjemné prichádzajúce prázdniny :D"
			]
		},
		"29732": {
			"acceptedCriteria": [
				"04p36y9k2",
				"smsam6nbe",
				"b62z1e868",
				"ed4j2ou8i"
			],
			"final": true,
			"points": 5,
			"comments": [
				"5B",
				"Ahoj Dominik, super riešenie! Správne si zdôvodnil výsledok a správne si sa zamyslel aj nad inými riešeniami a prečo nie sú tie správne. Prajem krásne prichádzajúce prázdniny :D"
			]
		},
		"29749": {
			"acceptedCriteria": [
				"04p36y9k2",
				"smsam6nbe",
				"b62z1e868",
				"ed4j2ou8i"
			],
			"final": true,
			"points": 5,
			"comments": [
				"5B",
				"Ahoj Adrián, super riešenie. Páči sa mi, že si skúšal rôzne zapojenia a bezchybne si zdôvodnil aj najlepšie zapojenie. Chválim a prajem príjemné prichádzajúce prázdniny :D",
				"text"
			]
		},
		"29759": {
			"acceptedCriteria": [
				"04p36y9k2",
				"smsam6nbe",
				"b62z1e868",
				"ed4j2ou8i"
			],
			"final": true,
			"points": 5,
			"comments": [
				"5B",
				"Ahoj Lívia, máš super riešenie. Výborne si opísala postup a zdôvodnila výsledok. Nemám čo dodať, prajem príjemné prichádzajúce prázdniny :D"
			]
		},
		"29761": {
			"acceptedCriteria": [
				"n71bhvbcz"
			],
			"final": true,
			"points": 0.5,
			"comments": [
				"0.5B",
				"ahoj Tadeáš, je pravda, že sériové zapojenie patrí medzi nalepšie, ale poznáme ešte lepšie. A to nie je ani úplne sériové, ani úplne paralelné.\nUrčite si nezabudni pozrieť vzorák a prajem príjemné prichádzajúce prázdniny :D"
			]
		},
		"29765": {
			"acceptedCriteria": [
				"n71bhvbcz"
			],
			"final": true,
			"points": 0.5,
			"comments": [
				"0.5B",
				"Ahoj Samo. Správne si našiel jedno z najlepších zapojení. Chýba mi ale vypočítanie hodnôt, ktoré v tomto zapojení žiarovka dosiahne. Ale aj napríklad skúšanie iných zapojení. Existuje ale aj lepšie zapojenie! Nájdeš ho vo vzoráku, ktorý si určite nezabudni pozrieť. prajem príjemné prichádzajúce prázdniny :D"
			]
		}
	}
}